rank,title,severity,surface,effort,effort_days,pxl_score,pxl_max,verified,impact,summary,problem,recommended_change,evidence,analysts_agreeing,opportunity_low,opportunity_high,opportunity_basis,sample_per_variant,test_days,detail_page
1,Competing CTAs dilute primary action,URGENT,Homepage,Medium,2-5 days,5,10,no,conversion,"The homepage presents four competing CTAs, diluting the primary signup action and creating ambiguity in the first step of the funnel.","Multiple competing CTAs on the homepage dilute the primary signup action, creating ambiguity in the first step of the funnel.","h1: AI notetaker that automatically records, transcribes, and summarizes meetings; cta: Start for free (primary), secondary links in nav/footer; notes: Single dominant CTA; move demo, app, support to nav/footer; add Pricing link.",ctas: Book a demo | Start for free | Get the desktop app | Contact support | h1: AI notetaker that works (magic) in the background,Funnel Path,0.4,1.6,"per 1,000 visitors at an assumed 2.00% baseline conversion rate and a 2.0-8.0% relative lift",124891,,finding_1_competing_ctas_dilute_primary_action.html
2,Missing trust signals above the fold,HIGH,Trust & Proof,Medium,2-5 days,5,10,yes,trust,"The homepage shows no sign of returns policy, guarantee, so a first-time visitor has nothing to offset purchase risk.","The homepage shows no sign of returns policy, guarantee, so a first-time visitor has nothing to offset purchase risk.","notes: Surface review counts, the returns window and a guarantee near the primary call to action.","Measured on the live homepage: no match for returns policy, guarantee.",Technical & Accessibility,0.2,1.0,"per 1,000 visitors at an assumed 2.00% baseline conversion rate and a 1.0-5.0% relative lift",315206,,finding_2_missing_trust_signals_above_the_fold.html
3,Hero lacks concrete outcome,MEDIUM,Homepage,Low,0.5-2 days,5,10,no,conversion,"The homepage headline names the product but uses vague parenthetical language, failing to explain the concrete benefit.","The homepage headline names the product but uses vague parenthetical language, failing to explain the concrete benefit.","h1: AI notetaker that automatically records, transcribes, and summarizes meetings; cta: Start for free; notes: Plain-language outcome.",AI notetaker that works (magic) in the background,Message Clarity,0.1,0.4,"per 1,000 visitors at an assumed 2.00% baseline conversion rate and a 0.5-2.0% relative lift",1941808,,finding_3_hero_lacks_concrete_outcome.html
4,Proof headline lacks evidence,MEDIUM,Homepage,Low,0.5-2 days,5,10,no,trust,"The social-proof headline promises results but no customer quotes, company names, or outcome data exist to support it.","The social-proof headline promises results but no customer quotes, company names, or outcome data exist to support it.",h1: AI notetaker that works (magic) in the background; cta: Start for free; notes: Add attributed testimonials and specific outcomes below headline.,Real teams. Real meetings. Real results.,Trust & Social Proof,0.1,0.4,"per 1,000 visitors at an assumed 2.00% baseline conversion rate and a 0.5-2.0% relative lift",1941808,,finding_4_proof_headline_lacks_evidence.html
5,Security claim without proof,HIGH,Pricing & Plans,Medium,2-5 days,4,10,no,trust,"The enterprise-grade security claim is repeated without any supporting evidence, undermining trust at the pricing decision point.","The enterprise-grade security claim is repeated without any supporting evidence, undermining trust at the pricing decision point.","h1: Every meeting, remembered.; cta: Get Started; notes: Add security certifications, compliance status, or link to security docs.",Enterprise-grade security. No compromise.,Trust & Social Proof,0.2,1.0,"per 1,000 visitors at an assumed 2.00% baseline conversion rate and a 1.0-5.0% relative lift",315206,,finding_5_security_claim_without_proof.html
6,CTA clutter and unclear plan mapping,MEDIUM,Pricing & Plans,Medium,2-5 days,4,10,no,conversion,"The pricing page presents multiple similar CTAs without clear association to tiers, confusing the next step after plan selection.","The pricing page presents multiple similar CTAs without clear association to tiers, confusing the next step after plan selection.","h1: Plans & Pricing; cta: Start for free (for $0), Start trial (for $9), Contact Sales (for $24); notes: Single CTA per tier, add billing toggle, add guarantee, remove generic Get Started.",prices: $0 $9 /user $24 /user | ctas: Book a demo | Start for free | Get Started | Contact Sales | Get the desktop app | Contact support,"Funnel Path, Form & Interaction Friction, Navigation & Information Scent",0.1,0.4,"per 1,000 visitors at an assumed 2.00% baseline conversion rate and a 0.5-2.0% relative lift",1941808,,finding_6_cta_clutter_and_unclear_plan_mapping.html
7,Support CTA offers funnel off-ramp,MEDIUM,Pricing & Plans,Medium,2-5 days,4,10,no,conversion,"Contact support is surfaced as a peer CTA on conversion pages, inviting mid-funnel users to leave the purchase path.","Contact support is surfaced as a peer CTA on conversion pages, inviting mid-funnel users to leave the purchase path.",h1: AI notetaker that works (magic) in the background; cta: Start for free (primary); notes: Move Contact support to footer.,ctas: Book a demo | Start for free | Get the desktop app | Contact support | ctas: Book a demo | Start for free | Get Started | Contact Sales | Get the desktop app | Contact support,Funnel Path,0.1,0.4,"per 1,000 visitors at an assumed 2.00% baseline conversion rate and a 0.5-2.0% relative lift",1941808,,finding_7_support_cta_offers_funnel_off_ramp.html
8,No guarantee at pricing,MEDIUM,Pricing & Plans,Medium,2-5 days,4,10,no,trust,"The pricing page shows paid tiers without any explicit guarantee or trial terms, increasing perceived risk at the moment of commitment.","The pricing page shows paid tiers without any explicit guarantee or trial terms, increasing perceived risk at the moment of commitment.","h1: Every meeting, remembered.; cta: Get Started; notes: Add risk-reversal statement (free trial or money-back guarantee).",prices: $0 $9 /user $24 /user | Get Started,Trust & Social Proof,0.1,0.4,"per 1,000 visitors at an assumed 2.00% baseline conversion rate and a 0.5-2.0% relative lift",1941808,,finding_8_no_guarantee_at_pricing.html
9,Pricing lacks billing context,MEDIUM,Pricing & Plans,Medium,2-5 days,4,10,no,conversion,"Per-user prices are shown without billing period or commitment details, so visitors cannot tell if the price is monthly or annual.","Per-user prices are shown without billing period or commitment details, so visitors cannot tell if the price is monthly or annual.",h1: Plans & Pricing; cta: Start for free / Start trial / Contact Sales; notes: Add billing toggle and plan names.,"$0 $9 /user $24 /user | Get Started | Every meeting, remembered.",Pricing & Cost Transparency,0.1,0.4,"per 1,000 visitors at an assumed 2.00% baseline conversion rate and a 0.5-2.0% relative lift",1941808,,finding_9_pricing_lacks_billing_context.html
10,Email gate blocks enterprise evaluation,HIGH,/Enterprise,Medium,2-5 days,3,10,no,conversion,"The enterprise page asks for a business email before showing any value or pricing, creating a high-friction gate that blocks evaluation.","The enterprise page asks for a business email before showing any value or pricing, creating a high-friction gate that blocks evaluation.","h1: Voicenotes for Enterprise; cta: Explore features and pricing first, then optional email; notes: Show value and pricing before email capture.",Voicenotes for Enterprise | What is your business email? | Bring Voicenotes to your team,"Message Clarity, Form & Interaction Friction, Pricing & Cost Transparency",0.2,1.0,"per 1,000 visitors at an assumed 2.00% baseline conversion rate and a 1.0-5.0% relative lift",315206,,finding_10_email_gate_blocks_enterprise_evaluation.html
